Mode,Backend,M,N,k,MPI_Ranks,Run,ParallelTime,DistribTime,TransferTime
CUDA_Naive,CUDA,2000,2000,3,1,1,0.000334,0.000018,0.243485
CUDA_Naive,CUDA,2000,2000,3,1,2,0.000331,0.000019,0.173002
CUDA_Naive,CUDA,2000,2000,3,1,3,0.000331,0.000017,0.172138
CUDA_Tiled,CUDA,2000,2000,3,1,1,0.000306,0.000018,0.167329
CUDA_Tiled,CUDA,2000,2000,3,1,2,0.000308,0.000017,0.169377
CUDA_Tiled,CUDA,2000,2000,3,1,3,0.000308,0.000017,0.166965
CUDA_Naive,CUDA,2000,2000,6,1,1,0.000339,0.000028,0.168698
CUDA_Naive,CUDA,2000,2000,6,1,2,0.000337,0.000028,0.170097
CUDA_Naive,CUDA,2000,2000,6,1,3,0.000337,0.000028,0.171632
CUDA_Tiled,CUDA,2000,2000,6,1,1,0.000308,0.000028,0.171473
CUDA_Tiled,CUDA,2000,2000,6,1,2,0.000308,0.000028,0.171273
CUDA_Tiled,CUDA,2000,2000,6,1,3,0.000309,0.000028,0.172376
CUDA_Naive,CUDA,2000,2000,8,1,1,0.000335,0.000035,0.174068
CUDA_Naive,CUDA,2000,2000,8,1,2,0.000333,0.000035,0.169905
CUDA_Naive,CUDA,2000,2000,8,1,3,0.000335,0.000035,0.170288
CUDA_Tiled,CUDA,2000,2000,8,1,1,0.000306,0.000035,0.179572
CUDA_Tiled,CUDA,2000,2000,8,1,2,0.000306,0.000035,0.172701
CUDA_Tiled,CUDA,2000,2000,8,1,3,0.000306,0.000035,0.177518
CUDA_Naive,CUDA,2000,2000,20,1,1,0.000338,0.000144,0.170984
CUDA_Naive,CUDA,2000,2000,20,1,2,0.000339,0.000145,0.168223
CUDA_Naive,CUDA,2000,2000,20,1,3,0.000338,0.000246,0.172713
CUDA_Tiled,CUDA,2000,2000,20,1,1,0.000306,0.000146,0.171720
CUDA_Tiled,CUDA,2000,2000,20,1,2,0.000309,0.000143,0.171275
CUDA_Tiled,CUDA,2000,2000,20,1,3,0.000307,0.000144,0.170908
CUDA_Naive,CUDA,2000,2000,32,1,1,0.000338,0.000229,0.170846
CUDA_Naive,CUDA,2000,2000,32,1,2,0.000338,0.000242,0.172801
CUDA_Naive,CUDA,2000,2000,32,1,3,0.000338,0.000225,0.172399
CUDA_Tiled,CUDA,2000,2000,32,1,1,0.000310,0.000229,0.177012
CUDA_Tiled,CUDA,2000,2000,32,1,2,0.000306,0.000228,0.170839
CUDA_Tiled,CUDA,2000,2000,32,1,3,0.000308,0.000224,0.172406
CUDA_Naive,CUDA,2000,2000,64,1,1,0.000576,0.000448,0.171802
CUDA_Naive,CUDA,2000,2000,64,1,2,0.000577,0.000548,0.168725
CUDA_Naive,CUDA,2000,2000,64,1,3,0.000578,0.000462,0.182738
CUDA_Tiled,CUDA,2000,2000,64,1,1,0.000458,0.000442,0.170375
CUDA_Tiled,CUDA,2000,2000,64,1,2,0.000460,0.000445,0.175599
CUDA_Tiled,CUDA,2000,2000,64,1,3,0.000460,0.000447,0.178316
CUDA_Naive,CUDA,2000,2000,128,1,1,0.001062,0.000909,0.170925
CUDA_Naive,CUDA,2000,2000,128,1,2,0.001071,0.000900,0.175236
CUDA_Naive,CUDA,2000,2000,128,1,3,0.001086,0.000903,0.170374
CUDA_Tiled,CUDA,2000,2000,128,1,1,0.000903,0.000905,0.175664
CUDA_Tiled,CUDA,2000,2000,128,1,2,0.000892,0.000866,0.173911
CUDA_Tiled,CUDA,2000,2000,128,1,3,0.000895,0.000928,0.176438
CUDA_Naive,CUDA,2000,4000,3,1,1,0.000675,0.000034,0.179753
CUDA_Naive,CUDA,2000,4000,3,1,2,0.000675,0.000034,0.175844
CUDA_Naive,CUDA,2000,4000,3,1,3,0.000669,0.000032,0.172510
CUDA_Tiled,CUDA,2000,4000,3,1,1,0.000600,0.000032,0.183316
CUDA_Tiled,CUDA,2000,4000,3,1,2,0.000599,0.000032,0.171894
CUDA_Tiled,CUDA,2000,4000,3,1,3,0.000603,0.000032,0.175636
CUDA_Naive,CUDA,2000,4000,6,1,1,0.000677,0.000062,0.171014
CUDA_Naive,CUDA,2000,4000,6,1,2,0.000677,0.000061,0.179062
CUDA_Naive,CUDA,2000,4000,6,1,3,0.000672,0.000062,0.178937
CUDA_Tiled,CUDA,2000,4000,6,1,1,0.000600,0.000061,0.180695
CUDA_Tiled,CUDA,2000,4000,6,1,2,0.000603,0.000061,0.177271
CUDA_Tiled,CUDA,2000,4000,6,1,3,0.000604,0.000062,0.175487
CUDA_Naive,CUDA,2000,4000,8,1,1,0.000671,0.000067,0.176725
CUDA_Naive,CUDA,2000,4000,8,1,2,0.000667,0.000068,0.174909
CUDA_Naive,CUDA,2000,4000,8,1,3,0.000666,0.000067,0.176007
CUDA_Tiled,CUDA,2000,4000,8,1,1,0.000600,0.000067,0.175378
CUDA_Tiled,CUDA,2000,4000,8,1,2,0.000603,0.000067,0.175255
CUDA_Tiled,CUDA,2000,4000,8,1,3,0.000603,0.000067,0.175962
CUDA_Naive,CUDA,2000,4000,20,1,1,0.000680,0.000288,0.179088
CUDA_Naive,CUDA,2000,4000,20,1,2,0.000675,0.000289,0.179489
CUDA_Naive,CUDA,2000,4000,20,1,3,0.000675,0.000289,0.172227
CUDA_Tiled,CUDA,2000,4000,20,1,1,0.000601,0.000291,0.177738
CUDA_Tiled,CUDA,2000,4000,20,1,2,0.000605,0.000289,0.178319
CUDA_Tiled,CUDA,2000,4000,20,1,3,0.000601,0.000303,0.177133
CUDA_Naive,CUDA,2000,4000,32,1,1,0.000662,0.000454,0.177372
CUDA_Naive,CUDA,2000,4000,32,1,2,0.000668,0.000455,0.177134
CUDA_Naive,CUDA,2000,4000,32,1,3,0.000668,0.000450,0.177080
CUDA_Tiled,CUDA,2000,4000,32,1,1,0.000606,0.000454,0.179324
CUDA_Tiled,CUDA,2000,4000,32,1,2,0.000602,0.000458,0.176881
CUDA_Tiled,CUDA,2000,4000,32,1,3,0.000603,0.000449,0.176162
CUDA_Naive,CUDA,2000,4000,64,1,1,0.001174,0.000889,0.175265
CUDA_Naive,CUDA,2000,4000,64,1,2,0.001167,0.000891,0.183809
CUDA_Naive,CUDA,2000,4000,64,1,3,0.001169,0.000884,0.173444
CUDA_Tiled,CUDA,2000,4000,64,1,1,0.000905,0.000891,0.176789
CUDA_Tiled,CUDA,2000,4000,64,1,2,0.000902,0.000898,0.174729
CUDA_Tiled,CUDA,2000,4000,64,1,3,0.000905,0.000912,0.174080
CUDA_Naive,CUDA,2000,4000,128,1,1,0.002176,0.001808,0.175263
CUDA_Naive,CUDA,2000,4000,128,1,2,0.002160,0.001801,0.182315
CUDA_Naive,CUDA,2000,4000,128,1,3,0.002160,0.001802,0.176681
CUDA_Tiled,CUDA,2000,4000,128,1,1,0.001765,0.001807,0.179477
CUDA_Tiled,CUDA,2000,4000,128,1,2,0.001783,0.001803,0.175806
CUDA_Tiled,CUDA,2000,4000,128,1,3,0.001763,0.001803,0.178606
CUDA_Naive,CUDA,4000,2000,3,1,1,0.000602,0.000018,0.181489
CUDA_Naive,CUDA,4000,2000,3,1,2,0.000605,0.000017,0.179337
CUDA_Naive,CUDA,4000,2000,3,1,3,0.000606,0.000018,0.177203
CUDA_Tiled,CUDA,4000,2000,3,1,1,0.000461,0.000019,0.180973
CUDA_Tiled,CUDA,4000,2000,3,1,2,0.000458,0.000017,0.176938
CUDA_Tiled,CUDA,4000,2000,3,1,3,0.000458,0.000018,0.176481
CUDA_Naive,CUDA,4000,2000,6,1,1,0.000611,0.000032,0.177770
CUDA_Naive,CUDA,4000,2000,6,1,2,0.000613,0.000028,0.176606
CUDA_Naive,CUDA,4000,2000,6,1,3,0.000610,0.000029,0.184854
CUDA_Tiled,CUDA,4000,2000,6,1,1,0.000458,0.000028,0.180324
CUDA_Tiled,CUDA,4000,2000,6,1,2,0.000462,0.000028,0.175552
CUDA_Tiled,CUDA,4000,2000,6,1,3,0.000462,0.000028,0.175539
CUDA_Naive,CUDA,4000,2000,8,1,1,0.000608,0.000036,0.180341
CUDA_Naive,CUDA,4000,2000,8,1,2,0.000604,0.000035,0.177877
CUDA_Naive,CUDA,4000,2000,8,1,3,0.000603,0.000038,0.176988
CUDA_Tiled,CUDA,4000,2000,8,1,1,0.000458,0.000037,0.175751
CUDA_Tiled,CUDA,4000,2000,8,1,2,0.000462,0.000035,0.174814
CUDA_Tiled,CUDA,4000,2000,8,1,3,0.000462,0.000035,0.176116
CUDA_Naive,CUDA,4000,2000,20,1,1,0.000618,0.000145,0.174261
CUDA_Naive,CUDA,4000,2000,20,1,2,0.000614,0.000146,0.175724
CUDA_Naive,CUDA,4000,2000,20,1,3,0.000614,0.000145,0.175267
CUDA_Tiled,CUDA,4000,2000,20,1,1,0.000459,0.000145,0.179539
CUDA_Tiled,CUDA,4000,2000,20,1,2,0.000463,0.000145,0.173642
CUDA_Tiled,CUDA,4000,2000,20,1,3,0.000459,0.000145,0.181682
CUDA_Naive,CUDA,4000,2000,32,1,1,0.000607,0.000230,0.175041
CUDA_Naive,CUDA,4000,2000,32,1,2,0.000612,0.000228,0.180609
CUDA_Naive,CUDA,4000,2000,32,1,3,0.000612,0.000117,0.180719
CUDA_Tiled,CUDA,4000,2000,32,1,1,0.000465,0.000256,0.178016
CUDA_Tiled,CUDA,4000,2000,32,1,2,0.000459,0.000229,0.177397
CUDA_Tiled,CUDA,4000,2000,32,1,3,0.000463,0.000253,0.176936
CUDA_Naive,CUDA,4000,2000,64,1,1,0.001103,0.000469,0.175982
CUDA_Naive,CUDA,4000,2000,64,1,2,0.001095,0.000483,0.180702
CUDA_Naive,CUDA,4000,2000,64,1,3,0.001103,0.000451,0.172319
CUDA_Tiled,CUDA,4000,2000,64,1,1,0.000902,0.000450,0.178030
CUDA_Tiled,CUDA,4000,2000,64,1,2,0.000892,0.000449,0.173997
CUDA_Tiled,CUDA,4000,2000,64,1,3,0.000899,0.000456,0.177141
CUDA_Naive,CUDA,4000,2000,128,1,1,0.002130,0.000909,0.177558
CUDA_Naive,CUDA,4000,2000,128,1,2,0.002114,0.000909,0.178213
CUDA_Naive,CUDA,4000,2000,128,1,3,0.002113,0.000902,0.179869
CUDA_Tiled,CUDA,4000,2000,128,1,1,0.001641,0.000940,0.177763
CUDA_Tiled,CUDA,4000,2000,128,1,2,0.001654,0.000949,0.179808
CUDA_Tiled,CUDA,4000,2000,128,1,3,0.001641,0.000901,0.183703
CUDA_Naive,CUDA,6000,2000,3,1,1,0.000872,0.000019,0.177724
CUDA_Naive,CUDA,6000,2000,3,1,2,0.000878,0.000020,0.188604
CUDA_Naive,CUDA,6000,2000,3,1,3,0.000876,0.000017,0.177230
CUDA_Tiled,CUDA,6000,2000,3,1,1,0.000618,0.000017,0.179494
CUDA_Tiled,CUDA,6000,2000,3,1,2,0.000611,0.000019,0.181531
CUDA_Tiled,CUDA,6000,2000,3,1,3,0.000610,0.000018,0.179498
CUDA_Naive,CUDA,6000,2000,6,1,1,0.000891,0.000029,0.178547
CUDA_Naive,CUDA,6000,2000,6,1,2,0.000882,0.000029,0.179514
CUDA_Naive,CUDA,6000,2000,6,1,3,0.000882,0.000028,0.176808
CUDA_Tiled,CUDA,6000,2000,6,1,1,0.000617,0.000028,0.179214
CUDA_Tiled,CUDA,6000,2000,6,1,2,0.000612,0.000028,0.178871
CUDA_Tiled,CUDA,6000,2000,6,1,3,0.000612,0.000028,0.179192
CUDA_Naive,CUDA,6000,2000,8,1,1,0.000875,0.000035,0.185280
CUDA_Naive,CUDA,6000,2000,8,1,2,0.000875,0.000035,0.182137
CUDA_Naive,CUDA,6000,2000,8,1,3,0.000875,0.000035,0.181918
CUDA_Tiled,CUDA,6000,2000,8,1,1,0.000613,0.000036,0.180198
CUDA_Tiled,CUDA,6000,2000,8,1,2,0.000618,0.000035,0.178904
CUDA_Tiled,CUDA,6000,2000,8,1,3,0.000612,0.000036,0.182674
CUDA_Naive,CUDA,6000,2000,20,1,1,0.000889,0.000144,0.180100
CUDA_Naive,CUDA,6000,2000,20,1,2,0.000896,0.000146,0.182327
CUDA_Naive,CUDA,6000,2000,20,1,3,0.000889,0.000144,0.180147
CUDA_Tiled,CUDA,6000,2000,20,1,1,0.000613,0.000145,0.179526
CUDA_Tiled,CUDA,6000,2000,20,1,2,0.000619,0.000143,0.182304
CUDA_Tiled,CUDA,6000,2000,20,1,3,0.000614,0.000144,0.183944
CUDA_Naive,CUDA,6000,2000,32,1,1,0.000881,0.000240,0.180490
CUDA_Naive,CUDA,6000,2000,32,1,2,0.000887,0.000230,0.176444
CUDA_Naive,CUDA,6000,2000,32,1,3,0.000880,0.000228,0.180426
CUDA_Tiled,CUDA,6000,2000,32,1,1,0.000614,0.000233,0.177947
CUDA_Tiled,CUDA,6000,2000,32,1,2,0.000613,0.000226,0.179520
CUDA_Tiled,CUDA,6000,2000,32,1,3,0.000614,0.000230,0.178026
CUDA_Naive,CUDA,6000,2000,64,1,1,0.001658,0.000450,0.180945
CUDA_Naive,CUDA,6000,2000,64,1,2,0.001671,0.000447,0.180614
CUDA_Naive,CUDA,6000,2000,64,1,3,0.001671,0.000449,0.180301
CUDA_Tiled,CUDA,6000,2000,64,1,1,0.001208,0.000445,0.181023
CUDA_Tiled,CUDA,6000,2000,64,1,2,0.001208,0.000448,0.184240
CUDA_Tiled,CUDA,6000,2000,64,1,3,0.001208,0.000446,0.183305
CUDA_Naive,CUDA,6000,2000,128,1,1,0.003190,0.000910,0.181593
CUDA_Naive,CUDA,6000,2000,128,1,2,0.003191,0.000910,0.179396
CUDA_Naive,CUDA,6000,2000,128,1,3,0.003175,0.000912,0.187064
CUDA_Tiled,CUDA,6000,2000,128,1,1,0.002389,0.000913,0.178609
CUDA_Tiled,CUDA,6000,2000,128,1,2,0.002387,0.000910,0.178442
CUDA_Tiled,CUDA,6000,2000,128,1,3,0.002393,0.000904,0.182981
CUDA_Naive,CUDA,4000,4000,3,1,1,0.001225,0.000032,0.186893
CUDA_Naive,CUDA,4000,4000,3,1,2,0.001226,0.000032,0.182614
CUDA_Naive,CUDA,4000,4000,3,1,3,0.001225,0.000032,0.186510
CUDA_Tiled,CUDA,4000,4000,3,1,1,0.000899,0.000032,0.188710
CUDA_Tiled,CUDA,4000,4000,3,1,2,0.000907,0.000033,0.187447
CUDA_Tiled,CUDA,4000,4000,3,1,3,0.000899,0.000032,0.191522
CUDA_Naive,CUDA,4000,4000,6,1,1,0.001219,0.000061,0.182872
CUDA_Naive,CUDA,4000,4000,6,1,2,0.001219,0.000061,0.197827
CUDA_Naive,CUDA,4000,4000,6,1,3,0.001229,0.000080,0.181363
CUDA_Tiled,CUDA,4000,4000,6,1,1,0.000908,0.000065,0.187961
CUDA_Tiled,CUDA,4000,4000,6,1,2,0.000908,0.000062,0.183655
CUDA_Tiled,CUDA,4000,4000,6,1,3,0.000908,0.000061,0.183428
CUDA_Naive,CUDA,4000,4000,8,1,1,0.001208,0.000067,0.183169
CUDA_Naive,CUDA,4000,4000,8,1,2,0.001218,0.000067,0.180096
CUDA_Naive,CUDA,4000,4000,8,1,3,0.001208,0.000072,0.180307
CUDA_Tiled,CUDA,4000,4000,8,1,1,0.000899,0.000067,0.183205
CUDA_Tiled,CUDA,4000,4000,8,1,2,0.000899,0.000067,0.182286
CUDA_Tiled,CUDA,4000,4000,8,1,3,0.000903,0.000067,0.182400
CUDA_Naive,CUDA,4000,4000,20,1,1,0.001237,0.000297,0.181040
CUDA_Naive,CUDA,4000,4000,20,1,2,0.001234,0.000288,0.182975
CUDA_Naive,CUDA,4000,4000,20,1,3,0.001234,0.000293,0.185235
CUDA_Tiled,CUDA,4000,4000,20,1,1,0.000900,0.000287,0.180649
CUDA_Tiled,CUDA,4000,4000,20,1,2,0.000901,0.000294,0.183152
CUDA_Tiled,CUDA,4000,4000,20,1,3,0.000900,0.000289,0.181021
CUDA_Naive,CUDA,4000,4000,32,1,1,0.001213,0.000473,0.183025
CUDA_Naive,CUDA,4000,4000,32,1,2,0.001216,0.000451,0.188986
CUDA_Naive,CUDA,4000,4000,32,1,3,0.001218,0.000451,0.180819
CUDA_Tiled,CUDA,4000,4000,32,1,1,0.000901,0.000472,0.186261
CUDA_Tiled,CUDA,4000,4000,32,1,2,0.000901,0.000461,0.188214
CUDA_Tiled,CUDA,4000,4000,32,1,3,0.000901,0.000462,0.183139
CUDA_Naive,CUDA,4000,4000,64,1,1,0.002232,0.000896,0.182972
CUDA_Naive,CUDA,4000,4000,64,1,2,0.002218,0.000906,0.189186
CUDA_Naive,CUDA,4000,4000,64,1,3,0.002232,0.000901,0.182822
CUDA_Tiled,CUDA,4000,4000,64,1,1,0.001782,0.000902,0.182642
CUDA_Tiled,CUDA,4000,4000,64,1,2,0.001765,0.000903,0.184195
CUDA_Tiled,CUDA,4000,4000,64,1,3,0.001777,0.000899,0.186282
CUDA_Naive,CUDA,4000,4000,128,1,1,0.004273,0.001810,0.186753
CUDA_Naive,CUDA,4000,4000,128,1,2,0.004272,0.001799,0.190273
CUDA_Naive,CUDA,4000,4000,128,1,3,0.004304,0.001816,0.187966
CUDA_Tiled,CUDA,4000,4000,128,1,1,0.003285,0.001807,0.184708
CUDA_Tiled,CUDA,4000,4000,128,1,2,0.003295,0.001806,0.181761
CUDA_Tiled,CUDA,4000,4000,128,1,3,0.003266,0.001811,0.184052
CUDA_Naive,CUDA,2000,6000,3,1,1,0.001006,0.000048,0.175652
CUDA_Naive,CUDA,2000,6000,3,1,2,0.000999,0.000047,0.183719
CUDA_Naive,CUDA,2000,6000,3,1,3,0.000998,0.000046,0.180752
CUDA_Tiled,CUDA,2000,6000,3,1,1,0.000897,0.000046,0.179295
CUDA_Tiled,CUDA,2000,6000,3,1,2,0.000897,0.000051,0.177475
CUDA_Tiled,CUDA,2000,6000,3,1,3,0.000897,0.000047,0.179710
CUDA_Naive,CUDA,2000,6000,6,1,1,0.000999,0.000139,0.178580
CUDA_Naive,CUDA,2000,6000,6,1,2,0.001010,0.000141,0.178230
CUDA_Naive,CUDA,2000,6000,6,1,3,0.000999,0.000141,0.180378
CUDA_Tiled,CUDA,2000,6000,6,1,1,0.000898,0.000141,0.178086
CUDA_Tiled,CUDA,2000,6000,6,1,2,0.000905,0.000141,0.177959
CUDA_Tiled,CUDA,2000,6000,6,1,3,0.000901,0.000140,0.181838
CUDA_Naive,CUDA,2000,6000,8,1,1,0.000993,0.000182,0.175804
CUDA_Naive,CUDA,2000,6000,8,1,2,0.001000,0.000181,0.182033
CUDA_Naive,CUDA,2000,6000,8,1,3,0.001001,0.000184,0.179480
CUDA_Tiled,CUDA,2000,6000,8,1,1,0.000898,0.000183,0.181342
CUDA_Tiled,CUDA,2000,6000,8,1,2,0.000904,0.000182,0.179087
CUDA_Tiled,CUDA,2000,6000,8,1,3,0.000905,0.000187,0.180555
CUDA_Naive,CUDA,2000,6000,20,1,1,0.001005,0.000431,0.185749
CUDA_Naive,CUDA,2000,6000,20,1,2,0.001012,0.000427,0.180015
CUDA_Naive,CUDA,2000,6000,20,1,3,0.001011,0.000432,0.180379
CUDA_Tiled,CUDA,2000,6000,20,1,1,0.000900,0.000433,0.183790
CUDA_Tiled,CUDA,2000,6000,20,1,2,0.000906,0.000427,0.184041
CUDA_Tiled,CUDA,2000,6000,20,1,3,0.000906,0.000433,0.179335
CUDA_Naive,CUDA,2000,6000,32,1,1,0.000989,0.000685,0.184994
CUDA_Naive,CUDA,2000,6000,32,1,2,0.000988,0.000678,0.179040
CUDA_Naive,CUDA,2000,6000,32,1,3,0.000989,0.000679,0.180135
CUDA_Tiled,CUDA,2000,6000,32,1,1,0.000900,0.000676,0.182084
CUDA_Tiled,CUDA,2000,6000,32,1,2,0.000901,0.000678,0.178832
CUDA_Tiled,CUDA,2000,6000,32,1,3,0.000901,0.000683,0.178851
CUDA_Naive,CUDA,2000,6000,64,1,1,0.001776,0.001340,0.181260
CUDA_Naive,CUDA,2000,6000,64,1,2,0.001775,0.001356,0.181887
CUDA_Naive,CUDA,2000,6000,64,1,3,0.001762,0.001345,0.185589
CUDA_Tiled,CUDA,2000,6000,64,1,1,0.001344,0.001341,0.180624
CUDA_Tiled,CUDA,2000,6000,64,1,2,0.001361,0.001353,0.179985
CUDA_Tiled,CUDA,2000,6000,64,1,3,0.001359,0.001335,0.182460
CUDA_Naive,CUDA,2000,6000,128,1,1,0.003311,0.002707,0.182676
CUDA_Naive,CUDA,2000,6000,128,1,2,0.003317,0.002172,0.181383
CUDA_Naive,CUDA,2000,6000,128,1,3,0.003335,0.002173,0.185683
CUDA_Tiled,CUDA,2000,6000,128,1,1,0.002656,0.002278,0.181168
CUDA_Tiled,CUDA,2000,6000,128,1,2,0.002689,0.002743,0.182939
CUDA_Tiled,CUDA,2000,6000,128,1,3,0.002692,0.002779,0.181961
Opt_SMP,OMP,2000,2000,3,1,1,0.009126,0.000017,0.000000
Opt_SMP,OMP,2000,2000,3,1,2,0.009102,0.000018,0.000000
Opt_SMP,OMP,2000,2000,3,1,3,0.009123,0.000017,0.000000
Opt_SMP,OMP,2000,2000,6,1,1,0.012175,0.000029,0.000000
Opt_SMP,OMP,2000,2000,6,1,2,0.012267,0.000030,0.000000
Opt_SMP,OMP,2000,2000,6,1,3,0.012283,0.000028,0.000000
Opt_SMP,OMP,2000,2000,8,1,1,0.010188,0.000037,0.000000
Opt_SMP,OMP,2000,2000,8,1,2,0.010142,0.000037,0.000000
Opt_SMP,OMP,2000,2000,8,1,3,0.010112,0.000035,0.000000
Opt_SMP,OMP,2000,2000,20,1,1,0.015899,0.000076,0.000000
Opt_SMP,OMP,2000,2000,20,1,2,0.015903,0.000076,0.000000
Opt_SMP,OMP,2000,2000,20,1,3,0.015819,0.000081,0.000000
Opt_SMP,OMP,2000,2000,32,1,1,0.021870,0.000137,0.000000
Opt_SMP,OMP,2000,2000,32,1,2,0.021983,0.000226,0.000000
Opt_SMP,OMP,2000,2000,32,1,3,0.021937,0.000117,0.000000
Opt_SMP,OMP,2000,2000,64,1,1,0.038915,0.000444,0.000000
Opt_SMP,OMP,2000,2000,64,1,2,0.038885,0.000443,0.000000
Opt_SMP,OMP,2000,2000,64,1,3,0.038900,0.000478,0.000000
Opt_SMP,OMP,2000,2000,128,1,1,0.075139,0.000901,0.000000
Opt_SMP,OMP,2000,2000,128,1,2,0.075270,0.000891,0.000000
Opt_SMP,OMP,2000,2000,128,1,3,0.073138,0.000941,0.000000
Opt_SMP,OMP,2000,4000,3,1,1,0.018071,0.000044,0.000000
Opt_SMP,OMP,2000,4000,3,1,2,0.018093,0.000032,0.000000
Opt_SMP,OMP,2000,4000,3,1,3,0.018111,0.000032,0.000000
Opt_SMP,OMP,2000,4000,6,1,1,0.024166,0.000060,0.000000
Opt_SMP,OMP,2000,4000,6,1,2,0.024274,0.000064,0.000000
Opt_SMP,OMP,2000,4000,6,1,3,0.024164,0.000060,0.000000
Opt_SMP,OMP,2000,4000,8,1,1,0.019828,0.000067,0.000000
Opt_SMP,OMP,2000,4000,8,1,2,0.019790,0.000072,0.000000
Opt_SMP,OMP,2000,4000,8,1,3,0.019434,0.000067,0.000000
Opt_SMP,OMP,2000,4000,20,1,1,0.031504,0.000307,0.000000
Opt_SMP,OMP,2000,4000,20,1,2,0.031369,0.000287,0.000000
Opt_SMP,OMP,2000,4000,20,1,3,0.031410,0.000288,0.000000
Opt_SMP,OMP,2000,4000,32,1,1,0.043498,0.000456,0.000000
Opt_SMP,OMP,2000,4000,32,1,2,0.044612,0.000454,0.000000
Opt_SMP,OMP,2000,4000,32,1,3,0.044363,0.000455,0.000001
Opt_SMP,OMP,2000,4000,64,1,1,0.078776,0.000896,0.000000
Opt_SMP,OMP,2000,4000,64,1,2,0.076324,0.000894,0.000000
Opt_SMP,OMP,2000,4000,64,1,3,0.076600,0.000897,0.000000
Opt_SMP,OMP,2000,4000,128,1,1,0.155397,0.001800,0.000000
Opt_SMP,OMP,2000,4000,128,1,2,0.157388,0.001794,0.000000
Opt_SMP,OMP,2000,4000,128,1,3,0.157353,0.001798,0.000000
Opt_SMP,OMP,4000,2000,3,1,1,0.018087,0.000017,0.000000
Opt_SMP,OMP,4000,2000,3,1,2,0.018070,0.000018,0.000000
Opt_SMP,OMP,4000,2000,3,1,3,0.018123,0.000018,0.000000
Opt_SMP,OMP,4000,2000,6,1,1,0.024235,0.000029,0.000000
Opt_SMP,OMP,4000,2000,6,1,2,0.024280,0.000029,0.000000
Opt_SMP,OMP,4000,2000,6,1,3,0.024268,0.000028,0.000000
Opt_SMP,OMP,4000,2000,8,1,1,0.019989,0.000035,0.000000
Opt_SMP,OMP,4000,2000,8,1,2,0.019933,0.000035,0.000000
Opt_SMP,OMP,4000,2000,8,1,3,0.020022,0.000035,0.000000
Opt_SMP,OMP,4000,2000,20,1,1,0.032190,0.000081,0.000000
Opt_SMP,OMP,4000,2000,20,1,2,0.031735,0.000076,0.000000
Opt_SMP,OMP,4000,2000,20,1,3,0.031595,0.000076,0.000000
Opt_SMP,OMP,4000,2000,32,1,1,0.043637,0.000117,0.000000
Opt_SMP,OMP,4000,2000,32,1,2,0.043648,0.000117,0.000000
Opt_SMP,OMP,4000,2000,32,1,3,0.043723,0.000117,0.000000
Opt_SMP,OMP,4000,2000,64,1,1,0.078816,0.000448,0.000000
Opt_SMP,OMP,4000,2000,64,1,2,0.078206,0.000448,0.000000
Opt_SMP,OMP,4000,2000,64,1,3,0.078441,0.000478,0.000000
Opt_SMP,OMP,4000,2000,128,1,1,0.146190,0.000908,0.000000
Opt_SMP,OMP,4000,2000,128,1,2,0.142947,0.000934,0.000000
Opt_SMP,OMP,4000,2000,128,1,3,0.141794,0.000910,0.000000
Opt_SMP,OMP,6000,2000,3,1,1,0.026424,0.000018,0.000000
Opt_SMP,OMP,6000,2000,3,1,2,0.026441,0.000017,0.000000
Opt_SMP,OMP,6000,2000,3,1,3,0.026745,0.000018,0.000000
Opt_SMP,OMP,6000,2000,6,1,1,0.036494,0.000030,0.000000
Opt_SMP,OMP,6000,2000,6,1,2,0.036619,0.000028,0.000000
Opt_SMP,OMP,6000,2000,6,1,3,0.036487,0.000030,0.000000
Opt_SMP,OMP,6000,2000,8,1,1,0.030239,0.000035,0.000000
Opt_SMP,OMP,6000,2000,8,1,2,0.030008,0.000037,0.000000
Opt_SMP,OMP,6000,2000,8,1,3,0.030164,0.000035,0.000000
Opt_SMP,OMP,6000,2000,20,1,1,0.048884,0.000075,0.000000
Opt_SMP,OMP,6000,2000,20,1,2,0.048260,0.000076,0.000000
Opt_SMP,OMP,6000,2000,20,1,3,0.048438,0.000081,0.000000
Opt_SMP,OMP,6000,2000,32,1,1,0.067761,0.000117,0.000000
Opt_SMP,OMP,6000,2000,32,1,2,0.067606,0.000131,0.000000
Opt_SMP,OMP,6000,2000,32,1,3,0.067381,0.000125,0.000000
Opt_SMP,OMP,6000,2000,64,1,1,0.117245,0.000453,0.000000
Opt_SMP,OMP,6000,2000,64,1,2,0.117411,0.000450,0.000000
Opt_SMP,OMP,6000,2000,64,1,3,0.117583,0.000472,0.000000
Opt_SMP,OMP,6000,2000,128,1,1,0.219501,0.000900,0.000000
Opt_SMP,OMP,6000,2000,128,1,2,0.218894,0.000941,0.000000
Opt_SMP,OMP,6000,2000,128,1,3,0.212918,0.000916,0.000000
Opt_SMP,OMP,4000,4000,3,1,1,0.035253,0.000032,0.000000
Opt_SMP,OMP,4000,4000,3,1,2,0.035197,0.000032,0.000000
Opt_SMP,OMP,4000,4000,3,1,3,0.035672,0.000033,0.000000
Opt_SMP,OMP,4000,4000,6,1,1,0.048435,0.000060,0.000000
Opt_SMP,OMP,4000,4000,6,1,2,0.048655,0.000061,0.000000
Opt_SMP,OMP,4000,4000,6,1,3,0.048649,0.000063,0.000000
Opt_SMP,OMP,4000,4000,8,1,1,0.039961,0.000071,0.000000
Opt_SMP,OMP,4000,4000,8,1,2,0.039848,0.000071,0.000000
Opt_SMP,OMP,4000,4000,8,1,3,0.039991,0.000071,0.000000
Opt_SMP,OMP,4000,4000,20,1,1,0.064630,0.000300,0.000000
Opt_SMP,OMP,4000,4000,20,1,2,0.062934,0.000291,0.000000
Opt_SMP,OMP,4000,4000,20,1,3,0.062786,0.000288,0.000000
Opt_SMP,OMP,4000,4000,32,1,1,0.087155,0.000457,0.000000
Opt_SMP,OMP,4000,4000,32,1,2,0.087204,0.000456,0.000000
Opt_SMP,OMP,4000,4000,32,1,3,0.088830,0.000455,0.000000
Opt_SMP,OMP,4000,4000,64,1,1,0.155311,0.000902,0.000000
Opt_SMP,OMP,4000,4000,64,1,2,0.155827,0.000949,0.000000
Opt_SMP,OMP,4000,4000,64,1,3,0.155236,0.000888,0.000000
Opt_SMP,OMP,4000,4000,128,1,1,0.316797,0.001852,0.000000
Opt_SMP,OMP,4000,4000,128,1,2,0.316723,0.001801,0.000000
Opt_SMP,OMP,4000,4000,128,1,3,0.315034,0.001881,0.000000
Opt_SMP,OMP,2000,6000,3,1,1,0.026456,0.000049,0.000000
Opt_SMP,OMP,2000,6000,3,1,2,0.026456,0.000046,0.000000
Opt_SMP,OMP,2000,6000,3,1,3,0.026434,0.000046,0.000000
Opt_SMP,OMP,2000,6000,6,1,1,0.035361,0.000078,0.000001
Opt_SMP,OMP,2000,6000,6,1,2,0.035431,0.000078,0.000000
Opt_SMP,OMP,2000,6000,6,1,3,0.036212,0.000087,0.000000
Opt_SMP,OMP,2000,6000,8,1,1,0.029613,0.000099,0.000000
Opt_SMP,OMP,2000,6000,8,1,2,0.029535,0.000106,0.000000
Opt_SMP,OMP,2000,6000,8,1,3,0.029413,0.000099,0.000000
Opt_SMP,OMP,2000,6000,20,1,1,0.048075,0.000424,0.000000
Opt_SMP,OMP,2000,6000,20,1,2,0.047120,0.000433,0.000000
Opt_SMP,OMP,2000,6000,20,1,3,0.047105,0.000432,0.000000
Opt_SMP,OMP,2000,6000,32,1,1,0.065326,0.000678,0.000000
Opt_SMP,OMP,2000,6000,32,1,2,0.065445,0.000679,0.000000
Opt_SMP,OMP,2000,6000,32,1,3,0.065710,0.000677,0.000000
Opt_SMP,OMP,2000,6000,64,1,1,0.120357,0.001335,0.000000
Opt_SMP,OMP,2000,6000,64,1,2,0.120707,0.001334,0.000000
Opt_SMP,OMP,2000,6000,64,1,3,0.121804,0.001339,0.000000
Opt_SMP,OMP,2000,6000,128,1,1,0.253164,0.002782,0.000000
Opt_SMP,OMP,2000,6000,128,1,2,0.253854,0.002159,0.000000
Opt_SMP,OMP,2000,6000,128,1,3,0.252158,0.002275,0.000000
